Datetime,Close,Comp,Predicted_Close
1/1/2021 9:30,36.79000092,0.2653,36.310955
1/1/2021 10:00,36.79000092,0.2451,36.325344
1/1/2021 10:30,36.79000092,0.25764,36.337463
1/1/2021 11:00,36.79000092,0.11325,36.344875
1/1/2021 11:30,36.79000092,0.501366667,36.3397
1/1/2021 12:00,36.79000092,0,36.36121
1/1/2021 12:30,36.79000092,0.07768,36.33725
1/1/2021 13:00,36.79000092,0,36.33589
1/1/2021 13:30,36.79000092,0.2567,36.333035
1/1/2021 14:00,36.79000092,0.11972,36.351734
1/1/2021 15:00,36.79000092,0.163025,36.35171
4/1/2021 9:00,36.79000092,0.308233333,36.355587
4/1/2021 9:30,36.66830063,-0.1986,36.364914
4/1/2021 10:00,36.50659943,0.0349875,36.316315
4/1/2021 10:30,36.54499817,-0.0285125,36.279697
4/1/2021 11:00,36.53010178,0.110185714,36.251305
4/1/2021 11:30,36.34999847,0.2530875,36.240383
4/1/2021 12:00,36.39500046,0.332922222,36.209923
4/1/2021 12:30,36.33499908,0.038255556,36.19119
4/1/2021 13:00,36.43000031,0.289590909,36.14816
4/1/2021 13:30,36.49000168,0.0127625,36.153084
4/1/2021 14:00,36.457901,-0.00866087,36.15099
4/1/2021 14:30,36.60889816,0.100173333,36.154247
4/1/2021 15:00,36.65000153,0.12424,36.193108
5/1/2021 9:00,36.81999969,-0.06162,36.23254
5/1/2021 9:30,36.77999878,0.199,36.27698
5/1/2021 10:00,36.7798996,-0.171425,36.32668
5/1/2021 10:30,36.7215004,-0.035425,36.32994
5/1/2021 11:00,36.90000153,0.242171429,36.336613
5/1/2021 11:30,36.97999954,-0.0778375,36.3831
5/1/2021 12:00,37.17499924,-0.034690909,36.401806
5/1/2021 12:30,37.36500168,0.295066667,36.455452
5/1/2021 13:00,37.18999863,0.233542857,36.549477
5/1/2021 13:30,37.06499863,0.003906667,36.577568
5/1/2021 14:00,37.22589874,0.558755556,36.55277
5/1/2021 14:30,37.25,0.1932,36.587166
5/1/2021 15:00,37.18500137,-0.125036364,36.57908
6/1/2021 9:00,37.18999863,0.26335,36.54754
6/1/2021 9:30,37.06499863,-0.2732,36.55681
6/1/2021 10:00,37.18999863,0.0772,36.50634
6/1/2021 10:30,37.29499817,0.24994,36.523064
6/1/2021 11:00,37.34000015,0.119175,36.561577
6/1/2021 11:30,37.15000153,0.068,36.587215
6/1/2021 12:00,37.17309952,0.11682,36.5737
6/1/2021 12:30,37.29330063,0.24494,36.566322
6/1/2021 13:00,37.33499908,0.28996875,36.584007
6/1/2021 13:30,37.3219986,0.297923529,36.603462
6/1/2021 14:00,37.02999878,-0.12673125,36.613438
6/1/2021 14:30,37.00500107,0.019190476,36.547
6/1/2021 15:00,36.95500183,-0.0903,36.50736
7/1/2021 9:00,36.88000107,-0.2896,36.464073
7/1/2021 10:00,36.97999954,0.6486,36.4155
7/1/2021 10:30,37.09209824,0.085933333,36.45683
7/1/2021 11:00,36.99499893,0.1428,36.460155
7/1/2021 11:30,36.95999908,-0.11711,36.45987
7/1/2021 12:00,36.90000153,-0.178616667,36.43825
7/1/2021 12:30,36.90999985,0.11368,36.415623
7/1/2021 13:00,36.86000061,0.1342,36.42264
7/1/2021 13:30,36.875,0.184233333,36.41673
7/1/2021 14:00,36.92499924,0.0736125,36.414207
7/1/2021 14:30,36.99259949,-0.035009091,36.4113
7/1/2021 15:00,37.09000015,0.288566667,36.416634
8/1/2021 9:00,37.04999924,0.254981818,36.46094
8/1/2021 9:30,37.34999847,0.255228571,36.480034
8/1/2021 10:00,37.11999893,0.1647,36.53845
8/1/2021 10:30,37.05699921,0.071245455,36.539818
8/1/2021 11:00,37.06999969,0.168511111,36.520866
8/1/2021 11:30,37.21500015,0.005671429,36.512173
8/1/2021 12:00,37.11259842,0.127957895,36.517292
8/1/2021 12:30,37.05500031,0.266022222,36.519093
8/1/2021 13:00,37.09000015,0.309516667,36.516617
8/1/2021 13:30,37,0.3131375,36.516003
8/1/2021 14:00,36.92549896,0.172886667,36.49657
8/1/2021 14:30,37.08499908,0.1354375,36.45879
8/1/2021 15:00,37.17499924,0.166906667,36.457203
11/1/2021 10:00,37.29000092,0.6249,36.479774
11/1/2021 10:30,37.30500031,0.5372,36.544678
11/1/2021 11:00,37.29539871,0.575333333,36.579945
11/1/2021 11:30,37.27999878,0.34565,36.59948
11/1/2021 12:00,37.36000061,0.092114286,36.591675
11/1/2021 12:30,37.55250168,0.291625,36.586994
11/1/2021 13:00,37.76499939,0.339675,36.63537
11/1/2021 13:30,37.60499954,-0.03504,36.71006
11/1/2021 14:00,37.58499908,0.069117647,36.718674
11/1/2021 14:30,37.69670105,0.230652941,36.733097
11/1/2021 15:00,37.68999863,0.223275,36.767235
12/1/2021 9:00,37.77000046,0.4767,36.78542
12/1/2021 9:30,37.56999969,0,36.820774
12/1/2021 10:00,37.11309814,0.4927,36.778748
12/1/2021 10:30,37.02000046,0.3592,36.70234
12/1/2021 11:30,36.93500137,0.2382,36.602184
12/1/2021 12:00,36.85499954,0.461033333,36.505802
12/1/2021 12:30,36.86740112,0.097085714,36.437202
12/1/2021 13:00,36.88499832,-0.044092857,36.37596
12/1/2021 13:30,37.02000046,0.192621429,36.345654
12/1/2021 14:00,36.97499847,0.105846154,36.375263
12/1/2021 14:30,37,0.15525,36.39377
12/1/2021 15:00,37.02000046,0.103942308,36.4199
13/1/2021 10:00,36.78010178,-0.0251,36.439648
13/1/2021 10:30,36.80500031,0.048375,36.4085
13/1/2021 11:00,36.71500015,-0.052542857,36.39169
13/1/2021 11:30,36.74000168,0.7096,36.35719
13/1/2021 12:00,36.78499985,0.393125,36.37655
13/1/2021 13:00,36.77209854,0.344609091,36.362118
13/1/2021 13:30,36.77999878,0.16755,36.34763
13/1/2021 14:00,36.80250168,-0.050333333,36.33027
13/1/2021 14:30,36.83499908,0.191233333,36.316578
13/1/2021 15:00,36.86999893,-0.072091667,36.337444
14/1/2021 9:00,36.86000061,0,36.343563
14/1/2021 9:30,36.71500015,-0.034233333,36.360096
14/1/2021 10:00,36.6969986,0.1099,36.34809
14/1/2021 10:30,36.79499817,0.9062,36.343304
14/1/2021 11:30,36.77230072,0.3454,36.390255
14/1/2021 12:00,36.81499863,0.256766667,36.366817
14/1/2021 12:30,36.91999817,0.335625,36.354973
14/1/2021 13:00,36.90409851,0.1638,36.371063
14/1/2021 13:30,36.91009903,0.211082353,36.373196
14/1/2021 14:00,36.92499924,0.273690909,36.384686
14/1/2021 14:30,36.91999817,0.096081818,36.400032
14/1/2021 15:00,36.8669014,0.445418182,36.39904
15/1/2021 9:00,36.74000168,0,36.41279
15/1/2021 9:30,36.66389847,0.1531,36.366413
15/1/2021 10:00,36.44900131,0.3982,36.335148
15/1/2021 10:30,36.58940125,0,36.28613
15/1/2021 11:00,36.65999985,0.13556,36.242966
15/1/2021 11:30,36.65999985,0.243094444,36.244553
15/1/2021 12:00,36.6570015,0.25574,36.258614
15/1/2021 12:30,36.625,0.24975,36.27053
15/1/2021 13:00,36.72000122,0.2284,36.272846
15/1/2021 13:30,36.70000076,0.276690909,36.2873
15/1/2021 14:00,36.74000168,0.282242857,36.298355
15/1/2021 14:30,36.66500092,0.12204,36.31113
15/1/2021 15:00,36.72499847,0.108543478,36.297634
18/1/2021 9:30,36.70000076,-0.026,36.29925
18/1/2021 11:00,36.70000076,0.4767,36.291348
18/1/2021 11:30,36.70000076,0.6908,36.32044
18/1/2021 12:00,36.70000076,0,36.337738
18/1/2021 12:30,36.70000076,0.335466667,36.299694
18/1/2021 13:00,36.70000076,0.561116667,36.30449
18/1/2021 13:30,36.70000076,0.0386,36.314587
18/1/2021 14:00,36.70000076,-0.05154,36.286255
18/1/2021 14:30,36.70000076,-0.12107,36.27354
18/1/2021 15:00,36.70000076,0.4135,36.269596
19/1/2021 9:00,36.70000076,0.4389,36.307842
19/1/2021 9:30,36.86999893,0.09345,36.324226
19/1/2021 10:00,36.73500061,-0.5423,36.336987
19/1/2021 10:30,36.79999924,0.119175,36.291443
19/1/2021 11:00,36.83000183,0,36.333466
19/1/2021 11:30,36.79499817,0.695833333,36.35333
19/1/2021 12:00,36.77500153,0.2367,36.403084
19/1/2021 12:30,36.79299927,-0.030225,36.384937
19/1/2021 13:00,36.72499847,0.080333333,36.358498
19/1/2021 13:30,36.73500061,-0.119733333,36.34115
19/1/2021 14:00,36.73500061,0.179186667,36.31815
19/1/2021 14:30,36.72499847,0.157828571,36.327637
19/1/2021 15:00,36.71500015,0.093,36.327896
20/1/2021 9:00,36.72999954,0,36.32186
20/1/2021 9:30,36.625,0.19412,36.31541
20/1/2021 10:00,36.50999832,0.418766667,36.30852
20/1/2021 10:30,36.61800003,0.282575,36.289467
20/1/2021 11:00,36.59590149,0.428328571,36.27378
20/1/2021 11:30,36.58440018,0.268316667,36.26694
20/1/2021 12:00,36.52999878,0.270293333,36.247944
20/1/2021 12:30,36.52500153,0.224383333,36.228985
20/1/2021 13:00,36.56560135,0.188989474,36.213226
20/1/2021 13:30,36.49499893,-0.01892,36.210224
20/1/2021 14:00,36.48789978,0.157379167,36.19012
20/1/2021 14:30,36.50999832,0.1569,36.193214
20/1/2021 15:00,36.5279007,0.181142857,36.19855
21/1/2021 9:30,36.20999908,0.11315,36.207848
21/1/2021 10:00,36.25999832,0.374766667,36.157932
21/1/2021 10:30,36.28499985,0.20368,36.13811
21/1/2021 11:00,36.3791008,0.339466667,36.109993
21/1/2021 11:30,36.30500031,-0.0459,36.116726
21/1/2021 12:00,36.26259995,-0.045333333,36.0891
21/1/2021 12:30,36.22000122,-0.041788889,36.07427
21/1/2021 13:00,36.22000122,0.3072,36.06261
21/1/2021 13:30,36.32519913,0.267416667,36.078747
21/1/2021 14:00,36.35499954,0.155811538,36.096786
21/1/2021 14:30,36.44210052,0.1164,36.10746
21/1/2021 15:00,36.40999985,0.11215,36.129406
22/1/2021 9:00,36.49000168,0.132733333,36.142902
22/1/2021 9:30,36.36000061,0.4019,36.167034
22/1/2021 10:00,36.34500122,-0.2708,36.178745
22/1/2021 10:30,36.35499954,0.42565,36.130375
22/1/2021 11:00,36.36000061,0.29996,36.154877
22/1/2021 11:30,36.56999969,-0.010746154,36.15044
22/1/2021 12:00,36.73799896,0.3281,36.1617
22/1/2021 12:30,36.69499969,0.610085714,36.232094
22/1/2021 13:00,36.74499893,0.2577,36.289978
22/1/2021 13:30,36.71500015,0.1133,36.305187
22/1/2021 14:00,36.68500137,0.242753846,36.30386
22/1/2021 14:30,36.74499893,0.142773913,36.307667
22/1/2021 15:00,36.68500137,0.252057895,36.31007
25/1/2021 9:00,36.54000092,0.23835,36.311123
25/1/2021 9:30,36.61800003,0.072783333,36.282803
25/1/2021 10:00,36.82500076,0.06638,36.261784
25/1/2021 10:30,36.95999908,0.17295,36.28683
25/1/2021 11:00,36.875,0.2821875,36.343243
25/1/2021 11:30,36.96500015,0.1308,36.380547
25/1/2021 12:00,36.96500015,0.154609091,36.40692
25/1/2021 12:30,37.02999878,-0.025742857,36.427788
25/1/2021 13:00,36.96239853,0.083776923,36.43938
25/1/2021 13:30,37,0.214878261,36.447815
25/1/2021 14:00,37.07500076,0.337155556,36.46418
25/1/2021 14:30,37.11000061,0.1582,36.48929
25/1/2021 15:00,37.18999863,0.20473125,36.496685
26/1/2021 9:00,37.27999878,-0.179578571,36.519455
26/1/2021 9:30,37.36999893,-0.235071429,36.526546
26/1/2021 10:00,37.24240112,0.08917,36.553856
26/1/2021 10:30,37.25500107,-0.19184,36.58368
26/1/2021 11:00,37.38650131,0.26714,36.58067
26/1/2021 11:30,37.27500153,0.137872727,36.631077
26/1/2021 12:00,37.34999847,0.2229,36.631145
26/1/2021 12:30,37.41500092,0.1101375,36.642174
26/1/2021 13:00,37.45999908,0.061684615,36.647903
26/1/2021 13:30,37.45500183,0.066710526,36.657307
26/1/2021 14:00,37.44499969,0.254216667,36.66556
26/1/2021 14:30,37.50500107,0.208552632,36.680744
26/1/2021 15:00,37.42499924,0.16585,36.692596
27/1/2021 9:00,37.30500031,0.1646,36.684406
27/1/2021 9:30,36.45000076,0.11315,36.656834
27/1/2021 10:00,36.40499878,-0.098914286,36.490906
27/1/2021 10:30,36.37789917,0.228825,36.337856
27/1/2021 11:00,36.61000061,0.5719,36.240276
27/1/2021 11:30,36.38499832,0.269527273,36.222656
27/1/2021 12:00,36.40999985,0.0293125,36.16716
27/1/2021 12:30,36.40800095,0.250978947,36.129948
27/1/2021 13:00,36.39500046,-0.07715,36.12779
27/1/2021 13:30,36.37009811,0.0485125,36.111862
27/1/2021 14:00,36.36000061,0.20707,36.116158
27/1/2021 14:30,36.29499817,0.203592857,36.129463
27/1/2021 15:00,36.24499893,0.222928571,36.125443
28/1/2021 9:00,36.27000046,0.384866667,36.11149
28/1/2021 9:30,35.99000168,-0.031775,36.10939
28/1/2021 10:00,36.20999908,0.0409,36.033844
28/1/2021 10:30,36.15850067,0,36.02283
28/1/2021 11:00,36.04999924,0.08808,36.011906
28/1/2021 11:30,36.10499954,0.0555625,35.9987
28/1/2021 12:00,36.03499985,0.202128571,35.995155
28/1/2021 12:30,36.02000046,0.09878,35.992695
28/1/2021 13:00,36.07099915,0.210790909,35.977848
28/1/2021 13:30,36.08499908,0.408375,35.982697
28/1/2021 14:00,36.04499817,0.141311111,35.997787
28/1/2021 14:30,36.01499939,0.074111111,35.97962
28/1/2021 15:00,35.97000122,0.159463636,35.961308
29/1/2021 9:00,35.86000061,0.246825,35.94889
29/1/2021 9:30,36.41999817,0.33934,35.925804
29/1/2021 10:00,36.47499847,0.401,36.00178
29/1/2021 10:30,36.38769913,0.0086,36.079124
29/1/2021 11:00,36.10499954,0.096633333,36.096077
29/1/2021 11:30,36.04000092,0.10808125,36.07441
29/1/2021 12:00,35.88000107,0.15135625,36.039642
29/1/2021 12:30,35.75,0.329308333,35.985203
29/1/2021 13:00,35.84000015,0.215030189,35.928616
29/1/2021 13:30,35.73500061,0.234902083,35.887585
29/1/2021 14:00,35.90499878,0.167580556,35.847515
29/1/2021 14:30,35.8526001,0.166203846,35.84469
29/1/2021 15:00,35.9280014,0.063262069,35.8442
1/2/2021 9:00,35.88999939,0.05505,35.854492
1/2/2021 9:30,35.91999817,0.1858,35.86306
1/2/2021 10:00,35.81499863,0.08792,35.88563
1/2/2021 10:30,35.77500153,0,35.87593
1/2/2021 11:00,35.80500031,0.3812,35.855625
1/2/2021 11:30,35.91999817,0.10255,35.870598
1/2/2021 12:00,35.98500061,0.148488889,35.87145
1/2/2021 12:30,35.92499924,0.0875375,35.892586
1/2/2021 13:00,35.90499878,0.2392625,35.89651
1/2/2021 13:30,35.86240005,0.209622222,35.90717
1/2/2021 14:00,35.87260056,0.2713,35.899857
1/2/2021 14:30,35.84000015,0.082188889,35.896748
1/2/2021 15:00,35.79999924,0.149109524,35.873657
2/2/2021 9:00,35.79000092,0.2871,35.859173
2/2/2021 9:30,34.75,0.226933333,35.855083
2/2/2021 10:00,34.5591011,0.385675,35.67831
2/2/2021 10:30,34.50500107,0.21524,35.50958
2/2/2021 11:00,34.875,0.215611111,35.3626
2/2/2021 11:30,34.85499954,0.017467742,35.316013
2/2/2021 12:00,34.72000122,0.0338,35.290962
2/2/2021 12:30,34.77999878,0.142051429,35.275467
2/2/2021 13:00,34.97499847,0.11152,35.285954
2/2/2021 13:30,35.04800034,0.09715,35.322346
2/2/2021 14:00,34.99499893,0.025997222,35.365738
2/2/2021 14:30,34.97499847,0.170383333,35.389446
2/2/2021 15:00,35.02000046,0.123682979,35.413845
3/2/2021 9:00,34.99000168,0.199233333,35.428238
3/2/2021 9:30,35.11999893,0.154,35.43701
3/2/2021 10:00,34.97499847,0.077714286,35.45385
3/2/2021 10:30,34.94499969,0.0869,35.44083
3/2/2021 11:00,34.85499954,0.124966667,35.426773
3/2/2021 11:30,34.88000107,-0.083625,35.404385
3/2/2021 12:00,34.82500076,0.224116667,35.37593
3/2/2021 12:30,34.81499863,0.2661375,35.3735
3/2/2021 13:00,34.83499908,0.100257143,35.367004
3/2/2021 13:30,34.95999908,0.250846667,35.35205
3/2/2021 14:00,34.93259811,0.1596625,35.372196
3/2/2021 14:30,34.90499878,0.073123529,35.377316
3/2/2021 15:00,34.88999939,0.10145,35.37394
4/2/2021 9:00,34.84000015,-0.11315,35.373295
4/2/2021 9:30,34.93999863,0,35.351467
4/2/2021 10:00,34.86650085,0,35.362278
4/2/2021 10:30,34.89599991,0,35.36185
4/2/2021 11:00,34.94499969,0.154842857,35.366116
4/2/2021 11:30,34.90869904,0.208086667,35.38709
4/2/2021 12:00,34.90800095,0.169871429,35.397385
4/2/2021 12:30,34.86500168,0.297916667,35.397438
4/2/2021 13:00,34.92559814,0.245045455,35.396626
4/2/2021 13:30,34.98500061,0.147608333,35.394577
4/2/2021 14:00,34.93000031,0.238808333,35.395123
4/2/2021 14:30,34.91500092,0.042129412,35.397243
4/2/2021 15:00,34.93460083,-0.0256375,35.382015
5/2/2021 9:00,34.88999939,0,35.37419
5/2/2021 9:30,34.91500092,-0.8271,35.36883
5/2/2021 10:00,34.92760086,-0.10195,35.31225
5/2/2021 10:30,35.04999924,0.0256,35.347378
5/2/2021 11:00,35.00500107,0,35.394497
5/2/2021 11:30,35.00500107,0.177736364,35.420513
5/2/2021 12:00,34.94499969,-0.006692308,35.44898
5/2/2021 12:30,34.98500061,0.009075,35.43834
5/2/2021 13:00,34.91910172,0.340685714,35.43449
5/2/2021 13:30,34.93799973,0.068875,35.440895
5/2/2021 14:00,34.88990021,0.10795,35.41887
5/2/2021 14:30,34.91500092,0.096295238,35.401165
5/2/2021 15:00,34.91189957,0.27084,35.39004
8/2/2021 9:00,34.92499924,0.276575,35.39362
8/2/2021 10:00,34.8207016,0.26956,35.394886
8/2/2021 10:30,34.83420181,0.28676,35.378887
8/2/2021 11:00,34.79000092,0,35.367058
8/2/2021 11:30,34.75999832,0.040175,35.333958
8/2/2021 12:00,34.81000137,0.00032,35.315697
8/2/2021 12:30,34.7820015,0.122063636,35.309402
8/2/2021 13:00,34.75999832,0.16562,35.31401
8/2/2021 13:30,34.76499939,0.1346,35.31661
8/2/2021 14:00,34.77780151,0.23545,35.31563
8/2/2021 14:30,34.78499985,0.172429412,35.322777
8/2/2021 15:00,34.7859993,0.14512,35.321915
9/2/2021 9:00,34.81000137,0.193133333,35.320087
9/2/2021 9:30,34.86000061,0,35.32562
9/2/2021 10:00,34.88000107,0,35.32367
9/2/2021 10:30,34.97499847,0.1079,35.331734
9/2/2021 11:00,34.81990051,0.041825,35.361137
9/2/2021 12:00,34.8105011,0.362090909,35.35714
9/2/2021 12:30,34.90499878,0.07025,35.372124
9/2/2021 13:00,34.93000031,0.174816667,35.36602
9/2/2021 13:30,34.95500183,0.214236364,35.377113
9/2/2021 14:00,34.98740005,0.265545455,35.390182
9/2/2021 14:30,35.04499817,0.3197375,35.40632
9/2/2021 15:00,34.97999954,0.083657895,35.427876
10/2/2021 9:00,34.97000122,0.1589,35.416195
10/2/2021 9:30,34.94499969,0,35.41518
10/2/2021 10:00,34.86970139,0.133966667,35.39897
10/2/2021 10:30,34.89500046,0,35.389908
10/2/2021 11:00,34.875,0.148,35.3753
10/2/2021 11:30,34.85499954,0.13074,35.375847
10/2/2021 12:00,34.80469894,0.54252,35.370243
10/2/2021 12:30,34.82949829,0.00014,35.383816
10/2/2021 13:00,34.80680084,0.251227273,35.350258
10/2/2021 13:30,34.82500076,0.163985714,35.348507
10/2/2021 14:00,34.8083992,0.20905,35.34043
10/2/2021 14:30,34.77000046,0.17751875,35.33766
10/2/2021 15:00,34.79999924,0.210964286,35.32798
11/2/2021 9:00,34.74000168,0.21075,35.327606
11/2/2021 9:30,34.47259903,0,35.318943
11/2/2021 10:00,34.56740189,0,35.26268
11/2/2021 10:30,34.45500183,-0.177525,35.235264
11/2/2021 11:00,34.3769989,0.094333333,35.1934
11/2/2021 11:30,34.375,0.4404,35.174873
11/2/2021 12:00,34.31000137,0.25245,35.17644
11/2/2021 12:30,34.34999847,0.17855,35.14948
11/2/2021 13:00,34.375,0.0909,35.130703
11/2/2021 13:30,34.41500092,0.241357143,35.117344
11/2/2021 14:00,34.38999939,0.243841176,35.12532
11/2/2021 14:30,34.45500183,0.175352941,35.128014
11/2/2021 15:00,34.43999863,0.296576471,35.134266
12/2/2021 9:00,34.43999863,0.3243,35.14649
12/2/2021 9:30,34.61500168,0.197333333,35.154156
12/2/2021 10:00,34.61500168,0.224866667,35.173294
12/2/2021 10:30,34.74129868,0,35.19422
12/2/2021 11:00,34.85499954,0.4019,35.213203
12/2/2021 11:30,34.83499908,-0.0293,35.277664
12/2/2021 12:00,34.79999924,0.174458333,35.28727
12/2/2021 12:30,34.82260132,0.107466667,35.31119
12/2/2021 13:00,34.77500153,0.114522222,35.32191
12/2/2021 13:30,34.77000046,0.226617857,35.32303
12/2/2021 14:00,34.70000076,0.16861,35.32833
12/2/2021 14:30,34.65499878,0.164661538,35.31385
12/2/2021 15:00,34.63000107,0.055661538,35.295055
15/2/2021 9:00,34.72000122,0.1128,35.26974
15/2/2021 9:30,34.72000122,0,35.269863
15/2/2021 10:30,34.72000122,0.105475,35.265522
15/2/2021 11:00,34.72000122,0.154325,35.274662
15/2/2021 11:30,34.72000122,0.180075,35.284447
15/2/2021 12:30,34.72000122,0.21892,35.29175
15/2/2021 13:00,34.72000122,0.3536,35.297276
15/2/2021 13:30,34.72000122,0.1204,35.30669
15/2/2021 14:00,34.72000122,0.5106,35.29328
15/2/2021 14:30,34.72000122,0.421972727,35.31054
15/2/2021 15:00,34.72000122,0.0978,35.30676
16/2/2021 9:00,34.72000122,-0.117466667,35.28305
16/2/2021 9:30,34.64699936,0,35.26051
16/2/2021 10:00,34.66500092,0.671133333,35.251446
16/2/2021 10:30,34.66500092,-0.24695,35.2898
16/2/2021 11:00,34.66500092,0.200957143,35.24541
16/2/2021 11:30,34.64500046,0.10246,35.259613
16/2/2021 12:00,34.76990128,0.50895,35.255466
16/2/2021 12:30,34.69499969,0.370366667,35.29628
16/2/2021 13:00,34.74499893,0.19364,35.297825
16/2/2021 13:30,34.66500092,0.050125,35.29251
16/2/2021 14:00,34.67200089,0.26361,35.27187
16/2/2021 14:30,34.65999985,0.1994,35.274628
16/2/2021 15:00,34.66999817,0.214891667,35.267277
16/2/2021 15:30,34.68999863,0,35.265396
17/2/2021 9:00,34.68999863,0.106026667,35.253735
17/2/2021 9:30,34.56000137,0,35.258984
17/2/2021 10:00,34.68000031,0.0333,35.239197
17/2/2021 10:30,34.72999954,-0.006925,35.244152
17/2/2021 11:00,34.73500061,0.0637875,35.25409
17/2/2021 11:30,34.93009949,0.139588889,35.270737
17/2/2021 12:00,34.95999908,0.194727273,35.314713
17/2/2021 12:30,34.93999863,0.25284375,35.3564
17/2/2021 13:00,34.93999863,0.120625,35.3859
17/2/2021 13:30,34.96500015,0.19845,35.39261
17/2/2021 14:00,34.8730011,0.22634,35.40504
17/2/2021 14:30,34.88499832,0.149969231,35.39864
17/2/2021 15:00,34.91500092,0.236344444,35.386074
18/2/2021 9:00,34.90000153,0.083333333,35.387012
18/2/2021 9:30,34.68999863,0.4404,35.37425
18/2/2021 10:00,34.60499954,-0.43135,35.36079
18/2/2021 11:00,34.69739914,-0.1806,35.275467
18/2/2021 11:30,34.68989944,0.41925,35.25901
18/2/2021 12:00,34.63999939,0.04395,35.28811
18/2/2021 12:30,34.64799881,0.01514,35.269333
18/2/2021 13:00,34.63999939,0.274366667,35.25982
18/2/2021 13:30,34.62739944,0.115663636,35.269207
18/2/2021 14:00,34.67499924,0.282384615,35.258724
18/2/2021 14:30,34.63499832,0.088108333,35.268715
18/2/2021 15:00,34.64500046,0.336017391,35.25527
19/2/2021 9:00,34.56000137,0.09878,35.264416
19/2/2021 9:30,34.52000046,0,35.239845
19/2/2021 10:00,34.46500015,-0.1389,35.21345
19/2/2021 10:30,34.47999954,0.148,35.18186
19/2/2021 11:00,34.55500031,0.441328571,35.18263
19/2/2021 11:30,34.52769852,0.202063636,35.20747
19/2/2021 12:00,34.51499939,0.230779167,35.201817
19/2/2021 12:30,34.49499893,0.246721429,35.19964
19/2/2021 13:00,34.45999908,0.19894,35.194565
19/2/2021 13:30,34.51259995,0.376942857,35.181828
19/2/2021 14:00,34.47499847,0.121407692,35.189598
19/2/2021 14:30,34.45999908,0.225108333,35.172344
19/2/2021 15:00,34.48500061,0.165892857,35.168667
22/2/2021 9:00,34.43000031,0.59055,35.16495
22/2/2021 9:30,34.09790039,0.1362,35.181236
22/2/2021 10:30,34.27500153,-0.136233333,35.113564
22/2/2021 11:00,34.24000168,0.03445,35.0733
22/2/2021 11:30,34.18500137,0.760333333,35.059105
22/2/2021 12:00,34.25749969,0.129975,35.082596
22/2/2021 12:30,34.27000046,0.228075,35.06048
22/2/2021 13:00,34.29999924,0.033483333,35.061554
22/2/2021 13:30,34.27999878,0.265,35.05627
22/2/2021 14:00,34.24000168,0.001086667,35.069065
22/2/2021 14:30,34.22000122,-0.003161538,35.055874
22/2/2021 15:00,34.31999969,0.12521875,35.047752
23/2/2021 9:00,34.26499939,0.743,35.06277
23/2/2021 9:30,33.99209976,0.2239,35.10173
23/2/2021 10:00,33.81000137,0.5574,35.05076
23/2/2021 10:30,33.73830032,0.34,35.00503
23/2/2021 11:00,33.75,-0.04918,34.939873
23/2/2021 11:30,33.81000137,0.10115,34.878654
23/2/2021 12:00,33.74010086,0.5028,34.85609
23/2/2021 12:30,33.75,0.315057143,34.85422
23/2/2021 13:00,33.78499985,0.380285714,34.842323
23/2/2021 13:30,33.7820015,-0.0886375,34.843166
23/2/2021 14:00,33.76499939,0.38725,34.82385
23/2/2021 14:30,33.78499985,0.1089875,34.837234
23/2/2021 15:00,33.92499924,0.2143,34.832172
24/2/2021 9:00,33.90999985,0.174066667,34.852795
24/2/2021 9:30,33.71500015,0.10045,34.866974
24/2/2021 10:00,33.75500107,0.5719,34.85319
24/2/2021 10:30,33.78499985,0.40835,34.865776
24/2/2021 11:00,33.79999924,0.24695,34.86094
24/2/2021 11:30,33.82500076,-0.064914286,34.85129
24/2/2021 12:00,33.84000015,0.01846,34.835056
24/2/2021 12:30,33.80500031,0.3774,34.83598
24/2/2021 13:00,33.86999893,0.3166375,34.852467
24/2/2021 13:30,33.89500046,0.434541667,34.86453
24/2/2021 14:00,33.93999863,0.05905,34.881897
24/2/2021 14:30,33.88999939,0.054555556,34.87935
24/2/2021 15:00,33.89250183,0.187981818,34.87773
25/2/2021 11:00,33.94499969,0.5859,34.884247
25/2/2021 11:30,33.84500122,0.076418182,34.91261
25/2/2021 12:00,33.80789948,0.148346154,34.89023
25/2/2021 12:30,33.65000153,0.0356,34.876972
25/2/2021 13:00,33.70000076,0.071541176,34.843372
25/2/2021 13:30,33.68500137,0.235609091,34.82494
25/2/2021 14:00,33.81499863,0.39958,34.81761
25/2/2021 14:30,33.72999954,0.180046154,34.83229
25/2/2021 15:00,33.60499954,0.222727273,34.824272
26/2/2021 9:30,33.56999969,-0.179266667,34.808163
26/2/2021 10:00,33.375,0.034975,34.7735
26/2/2021 10:30,33.53499985,-0.1366,34.74074
26/2/2021 11:00,33.55210114,-0.042566667,34.72117
26/2/2021 11:30,33.48989868,0.49545,34.716682
26/2/2021 12:00,33.56499863,0.229945455,34.731106
26/2/2021 12:30,33.57149887,0.054575,34.73258
26/2/2021 13:00,33.61999893,0.141375,34.72868
26/2/2021 13:30,33.40050125,0.273088889,34.736164
26/2/2021 14:00,33.42499924,0.110476471,34.724785
26/2/2021 14:30,33.53480148,-0.11354,34.70654
26/2/2021 15:00,33.54499817,0.315135294,34.695198
1/3/2021 9:00,33.47999954,-0.20835,34.70915
1/3/2021 9:30,33.65000153,0,34.691635
1/3/2021 10:30,33.90999985,-0.065433333,34.707127
1/3/2021 11:00,33.86729813,0.111825,34.745583
1/3/2021 11:30,33.83000183,0.0843,34.78833
1/3/2021 12:00,33.78499985,0.232116667,34.8153
1/3/2021 12:30,33.72999954,0.135885714,34.835033
1/3/2021 13:00,33.75,0.209733333,34.83268
1/3/2021 13:30,33.80500031,0.2160125,34.832222
1/3/2021 14:00,33.80500031,0.07398,34.834854
1/3/2021 14:30,33.75,0.0167,34.83019
1/3/2021 15:00,33.72999954,0.049488889,34.8205
2/3/2021 9:00,33.68000031,0.3612,34.813416
2/3/2021 9:30,33.84489822,0,34.816315
2/3/2021 10:00,33.71820068,0.289633333,34.81534
2/3/2021 10:30,33.74499893,-0.406275,34.821182
2/3/2021 11:00,33.66999817,0.002766667,34.793705
2/3/2021 11:30,33.67770004,0.0144,34.792446
2/3/2021 12:00,33.68500137,0.106542857,34.789604
2/3/2021 12:30,33.69499969,0.23484,34.791885
2/3/2021 13:00,33.72809982,0.171166667,34.799114
2/3/2021 13:30,33.66999817,0.181066667,34.80281
2/3/2021 14:00,33.64500046,0.1166125,34.7995
2/3/2021 14:30,33.66149902,0.220646154,34.789402
2/3/2021 15:00,33.58000183,0.299066667,34.7872
3/3/2021 9:00,33.50999832,0,34.778587
3/3/2021 9:30,33.73500061,0,34.749958
3/3/2021 10:00,33.77999878,-0.13385,34.753334
3/3/2021 10:30,33.82500076,0.190633333,34.760723
3/3/2021 11:00,33.87739944,0.24975,34.79279
3/3/2021 11:30,33.96989822,0.2904,34.825645
3/3/2021 12:00,34.02500153,0.00378,34.86246
3/3/2021 12:30,34.04000092,0.33556,34.880913
3/3/2021 13:00,34.22000122,0.0964,34.917778
3/3/2021 13:30,34.14500046,0.095,34.94837
3/3/2021 14:00,34.33499908,0.288525,34.967335
3/3/2021 14:30,34.375,0.122253333,35.0149
3/3/2021 15:00,34.33499908,0.2731,35.044395
4/3/2021 9:00,34.38399887,0,35.07289
4/3/2021 10:30,34.78499985,0.240533333,35.07875
4/3/2021 11:00,34.75500107,-0.1025875,35.154446
4/3/2021 11:30,34.71500015,0.233085714,35.187283
4/3/2021 12:00,34.56000137,0.38125,35.238823
4/3/2021 12:30,34.34999847,-0.044475,35.25601
4/3/2021 13:00,34.18999863,0.174685714,35.20097
4/3/2021 13:30,33.84500122,-0.09758,35.15295
4/3/2021 14:00,34.18379974,0.191111111,35.05312
4/3/2021 14:30,34.11000061,0.204726667,35.03416
4/3/2021 15:00,34.06499863,0.156237143,35.014748
5/3/2021 9:00,34.20999908,0.6721,34.996098
5/3/2021 10:00,34.38000107,-0.0325,35.028137
5/3/2021 10:30,34.24000168,0.5313,35.029915
5/3/2021 11:00,34.15000153,0.6761,35.06104
5/3/2021 11:30,34.11999893,0.20584,35.06778
5/3/2021 12:00,34.18009949,0.224525,35.03444
5/3/2021 12:30,34.14500046,0.2291,35.023228
5/3/2021 13:00,34.19499969,0.19805,35.013382
5/3/2021 13:30,34.26499939,-0.1467,35.012623
5/3/2021 14:00,34.34000015,-0.025783333,35.005474
5/3/2021 14:30,34.30500031,-0.014556522,35.026913
5/3/2021 15:00,34.34569931,-0.045166667,35.04383
8/3/2021 9:00,34.38999939,0.056533333,35.06121
8/3/2021 9:30,34.43500137,0.296,35.08761
8/3/2021 10:00,34.66320038,0.47685,35.126743
8/3/2021 10:30,34.72999954,0.5859,35.190655
8/3/2021 11:00,34.81999969,0.7184,35.248272
8/3/2021 11:30,34.77569962,0.5267,35.30232
8/3/2021 12:00,34.79000092,0.36735,35.312675
8/3/2021 12:30,34.79499817,0.275833333,35.30906
8/3/2021 13:00,34.79000092,0.310275,35.302967
8/3/2021 13:30,34.72750092,0.04754,35.303715
8/3/2021 14:00,34.67499924,0.296166667,35.280243
8/3/2021 14:30,34.61000061,0.04407,35.280445
8/3/2021 15:00,34.41999817,0.345233333,35.251884
9/3/2021 9:00,34.34000015,0,35.23002
9/3/2021 10:00,34.63999939,0.23835,35.17464
9/3/2021 10:30,34.53499985,-0.076033333,35.193382
9/3/2021 11:00,34.66500092,0.0249,35.1775
9/3/2021 11:30,34.75,-0.0225,35.198544
9/3/2021 12:00,34.68500137,0,35.225876
9/3/2021 12:30,34.69499969,-0.10825,35.244602
9/3/2021 13:00,34.61999893,0,35.25187
9/3/2021 13:30,34.52999878,0.653983333,35.25648
9/3/2021 14:00,34.54999924,0.21762,35.284054
9/3/2021 14:30,34.60660172,0.034425,35.257084
9/3/2021 15:00,34.57500076,0.291511111,35.23554
10/3/2021 9:00,34.43999863,-0.2787,35.235863
10/3/2021 9:30,34.75799942,0.3716,35.180553
10/3/2021 10:00,34.81000137,-0.1029,35.232914
10/3/2021 10:30,34.73500061,0.412266667,35.24376
10/3/2021 11:00,34.77999878,0.44855,35.288788
10/3/2021 11:30,34.79000092,0.4927,35.317783
10/3/2021 12:00,34.79000092,0.2235,35.334957
10/3/2021 12:30,34.97999954,0.195315385,35.32349
10/3/2021 13:00,35.00500107,0.234383333,35.34345
10/3/2021 13:30,35.08000183,-0.02884,35.369514
10/3/2021 14:00,35.07500076,0.00602,35.383305
10/3/2021 14:30,35.07500076,0.22917,35.405117
10/3/2021 15:00,35.02000046,0.288016667,35.439686
11/3/2021 9:00,34.93000031,-0.4767,35.45486
11/3/2021 9:30,34.85499954,-0.319033333,35.393154
11/3/2021 10:30,34.91500092,0.21075,35.366592
11/3/2021 11:00,34.87789917,-0.078175,35.394367
11/3/2021 11:30,34.90000153,0.054694118,35.380424
11/3/2021 12:00,34.86009979,0.108469231,35.38656
11/3/2021 12:30,34.88000107,0.0541625,35.38618
11/3/2021 13:00,34.90499878,0.254144444,35.381413
11/3/2021 13:30,34.86500168,0.467006667,35.394054
11/3/2021 14:00,34.81499863,0.37222,35.404102
11/3/2021 14:30,34.72999954,0.181714286,35.386623
11/3/2021 15:00,34.73009872,-0.089411111,35.346664
11/3/2021 15:30,34.70000076,0,35.303864
12/3/2021 9:00,34.70000076,-0.28175,35.283375
12/3/2021 9:30,34.7179985,0.127083333,35.25471
12/3/2021 10:30,34.96500015,-0.007733333,35.27305
12/3/2021 11:00,34.85499954,0.27295,35.308266
12/3/2021 11:30,34.85820007,0.358333333,35.346333
12/3/2021 12:00,34.83000183,0,35.371845
12/3/2021 12:30,34.80780029,0.1589,35.354527
12/3/2021 13:00,34.88750076,0.350571429,35.35241
12/3/2021 13:30,34.86999893,0.055571429,35.36928
12/3/2021 14:00,34.88000107,0.1334,35.355164
12/3/2021 14:30,34.86500168,-0.027157143,35.357193
12/3/2021 15:00,34.88499832,-0.04064,35.346294
15/3/2021 9:30,35.18500137,-0.2495,35.345238
15/3/2021 10:00,35.04000092,0.295566667,35.45486
15/3/2021 10:30,35.11529922,0.2023,35.393154
15/3/2021 11:00,35.08499908,-0.195533333,35.366592
15/3/2021 11:30,35.11800003,0.41145,35.394367
15/3/2021 12:00,35.13769913,0.340775,35.380424
15/3/2021 12:30,35.20999908,-0.105611111,35.38656
15/3/2021 13:00,35.26800156,-0.19015,35.38618
15/3/2021 13:30,35.38000107,0.058115385,35.381413
15/3/2021 14:00,35.36999893,-0.095857143,35.394054
15/3/2021 14:30,35.33499908,-0.08132,35.404102
15/3/2021 15:00,35.28499985,0.058185714,35.386623
16/3/2021 9:00,35.40000153,0.5534,35.346664
16/3/2021 9:30,35.65000153,-0.164625,35.303864
16/3/2021 10:00,35.77500153,0.33185,35.283375
16/3/2021 10:30,35.59740067,0.0341,35.25471
16/3/2021 11:00,35.54000092,0.16834,35.27305
16/3/2021 11:30,35.63000107,-0.11095,35.308266
16/3/2021 12:00,35.65499878,-0.0708,35.346333
16/3/2021 12:30,35.65259933,0.4008,35.371845
16/3/2021 13:00,35.70500183,0.325175,35.354527
16/3/2021 13:30,35.71500015,0.174285714,35.35241
16/3/2021 14:00,35.70999908,0.2394,35.36928
16/3/2021 14:30,35.73500061,0.193847059,35.355164
16/3/2021 15:00,35.71500015,0.25796,35.357193
17/3/2021 9:00,35.81999969,0.4404,35.346294
17/3/2021 9:30,35.25,0,35.345238
17/3/2021 10:00,35.29999924,0.531116667,35.374126
17/3/2021 10:30,35.47000122,0.096133333,35.42984
17/3/2021 11:00,35.72999954,0.3239,35.463074
17/3/2021 11:30,35.70999908,0.050575,35.45121
17/3/2021 12:00,35.76259995,0.1468,35.496883
17/3/2021 12:30,35.82770157,0.07025,35.511112
17/3/2021 13:00,35.70999908,0.271116667,35.496548
17/3/2021 13:30,35.72499847,0.2136,35.498962
17/3/2021 14:00,35.67499924,0.347044444,35.543495
17/3/2021 14:30,35.75,0.155844444,35.56294
17/3/2021 15:00,35.78639984,0.132381818,35.577698
18/3/2021 9:00,35.77999878,0.3818,35.590736
18/3/2021 9:30,35.92499924,0,35.644905
18/3/2021 10:00,35.90999985,0.2898,35.6544
18/3/2021 10:30,35.90499878,-0.17,35.735767
18/3/2021 11:30,35.875,-0.08895,35.73697
18/3/2021 12:00,35.90719986,0.335891667,35.73919
18/3/2021 12:30,35.89500046,0.2316875,35.72668
18/3/2021 13:00,35.88000107,0.33698,35.73199
18/3/2021 13:30,35.95999908,0.156088889,35.771908
18/3/2021 14:00,35.81800079,0.211866667,35.78966
18/3/2021 14:30,35.81219864,0.582,35.789726
18/3/2021 15:00,35.85499954,0.18638,35.79432
19/3/2021 9:00,35.75999832,0,35.795593
19/3/2021 10:00,35.50500107,0.232133333,35.798153
19/3/2021 10:30,35.61000061,0,35.825905
19/3/2021 11:00,35.54840088,-0.14075,35.7215
19/3/2021 11:30,35.63259888,0.207485714,35.68537
19/3/2021 12:00,35.62749863,-0.04418,35.64545
19/3/2021 12:30,35.63499832,0.4588,35.687706
19/3/2021 13:00,35.64500046,0.1669,35.70469
19/3/2021 13:30,35.65000153,0.32792,35.74483
19/3/2021 14:00,35.63399887,0.475683333,35.781025
19/3/2021 14:30,35.65999985,0.1077,35.80661
19/3/2021 15:00,35.58499908,0.360208333,35.813297
22/3/2021 9:00,35.50999832,-0.3938,35.814365
22/3/2021 9:30,35.75999832,0.44328,35.80539
22/3/2021 10:00,35.90000153,0,35.807014
22/3/2021 10:30,35.90999985,-0.09545,35.826874
22/3/2021 11:00,35.84009933,0.10095,35.83212
22/3/2021 11:30,35.91500092,-0.063925,35.86664
22/3/2021 12:00,35.95999908,0.145366667,35.85302
22/3/2021 12:30,35.94369888,0.129566667,35.857483
22/3/2021 13:00,35.88999939,0.3098125,35.89833
22/3/2021 13:30,35.90000153,0.2128625,35.90606
22/3/2021 14:00,35.91329956,-0.028016667,35.91199
22/3/2021 14:30,35.95000076,0.15859375,35.90936
22/3/2021 15:00,35.97499847,-0.040544444,35.89136
23/3/2021 9:00,35.99499893,0.171325,35.89538
23/3/2021 9:30,35.7215004,0.1815625,35.86682
23/3/2021 10:00,35.56000137,0.1299,35.828205
23/3/2021 10:30,35.43999863,0.177183333,35.782722
23/3/2021 11:00,35.52999878,-0.00322,35.745564
23/3/2021 11:30,35.67010117,0.168185714,35.710068
23/3/2021 12:00,35.50500107,0.4286,35.730637
23/3/2021 12:30,35.64989853,-0.0079875,35.72634
23/3/2021 13:00,35.625,0.199935714,35.765396
23/3/2021 13:30,35.64500046,0.1520375,35.76268
23/3/2021 14:00,35.56999969,0.27392,35.773743
23/3/2021 14:30,35.52000046,0.06678,35.780895
23/3/2021 15:00,35.36000061,0.121666667,35.75837
24/3/2021 9:00,35.36999893,0.1221625,35.753967
24/3/2021 9:30,35.63000107,0,35.6846
24/3/2021 10:00,35.68000031,0.4404,35.751347
24/3/2021 10:30,35.77999878,0.0586,35.781704
24/3/2021 11:00,35.84000015,0.004871429,35.812775
24/3/2021 11:30,35.86000061,0.223569231,35.84625
24/3/2021 12:00,35.86999893,-0.098714286,35.86406
24/3/2021 12:30,35.83000183,0.203666667,35.9024
24/3/2021 13:00,35.7867012,0.3502625,35.919754
24/3/2021 13:30,35.81499863,0.114488889,35.931004
24/3/2021 14:00,35.75999832,0.2110875,35.922077
24/3/2021 14:30,35.77999878,0.299092857,35.89889
24/3/2021 15:00,35.72340012,-0.046066667,35.90748
25/3/2021 9:00,35.61500168,0.21075,35.90279
25/3/2021 9:30,35.40000153,0.4576,35.92492
25/3/2021 10:00,35.45000076,0.10032,35.893894
25/3/2021 10:30,35.44499969,-0.0889375,35.83387
25/3/2021 11:00,35.38999939,-0.1124,35.768536
25/3/2021 11:30,35.38000107,0.157011111,35.72101
25/3/2021 12:00,35.25999832,0.191333333,35.72824
25/3/2021 12:30,35.36500168,0.1610125,35.728634
25/3/2021 13:00,35.38000107,0.364833333,35.717052
25/3/2021 13:30,35.45500183,0.090625,35.73124
25/3/2021 14:00,35.51869965,0.250216667,35.74013
25/3/2021 14:30,35.63499832,0.134283333,35.74377
25/3/2021 15:00,35.70500183,-8.00E-05,35.719646
26/3/2021 9:00,35.68000031,0.11315,35.683277
26/3/2021 9:30,35.73500061,-0.214475,35.655033
26/3/2021 10:00,35.77999878,0.339185714,35.66684
26/3/2021 10:30,35.81000137,0.5267,35.72451
26/3/2021 11:00,35.86500168,0.3539,35.74985
26/3/2021 11:30,35.83499908,0.286166667,35.78334
26/3/2021 12:00,35.90179825,0.059833333,35.831257
26/3/2021 12:30,35.92269897,0.09941,35.837826
26/3/2021 13:00,35.95000076,0.415054545,35.864525
26/3/2021 13:30,36.06499863,0.270407143,35.875965
26/3/2021 14:00,36.09500122,0.34265,35.861225
26/3/2021 14:30,36.09999847,0.091307692,35.850067
26/3/2021 15:00,36.04000092,0.22814,35.84658
29/3/2021 9:30,,,35.80926
29/3/2021 10:00,,,35.79148
29/3/2021 10:30,,,35.752457
29/3/2021 11:00,,,35.69789
29/3/2021 11:30,,,35.655094
29/3/2021 12:00,,,35.626553
29/3/2021 12:30,,,35.62994
29/3/2021 13:00,,,35.614063
29/3/2021 13:30,,,35.612957
29/3/2021 14:00,,,35.628204
29/3/2021 14:30,,,35.62787
29/3/2021 15:00,,,35.65492
29/3/2021 15:30,,,35.68351
30/3/2021 9:30,,,35.710697
30/3/2021 10:00,,,35.74151
30/3/2021 10:30,,,35.74577
30/3/2021 11:00,,,35.8066
30/3/2021 11:30,,,35.853203
30/3/2021 12:00,,,35.86903
30/3/2021 12:30,,,35.867012
30/3/2021 13:00,,,35.8588
30/3/2021 13:30,,,35.866657
30/3/2021 14:00,,,35.901096
30/3/2021 14:30,,,35.926502
30/3/2021 15:00,,,35.95715
30/3/2021 15:30,,,35.960175
